<keymap version="1" name="Default for GNOME copy" parent="Default for GNOME">
  <action id="CommentByLineComment">
    <keyboard-shortcut first-keystroke="ctrl slash" />
    <keyboard-shortcut first-keystroke="ctrl divide" />
    <keyboard-shortcut first-keystroke="ctrl #10000ba" />
  </action>
  <action id="DuplicatesForm.SendToLeft" />
  <action id="FileChooser.GotoHome" />
  <action id="GotoBookmark1" />
  <action id="PublishGroup.Upload">
    <keyboard-shortcut first-keystroke="ctrl 1" />
  </action>
  <action id="ReformatCode">
    <keyboard-shortcut first-keystroke="ctrl r" />
  </action>
  <action id="Replace">
    <keyboard-shortcut first-keystroke="shift ctrl alt r" />
  </action>
  <action id="Run">
    <keyboard-shortcut first-keystroke="shift #10000ba" />
  </action>
</keymap>