<profile version="1.0">
  <option name="myName" value="Default" />
  <inspection_tool class="CssBrowserCompatibilityForProperties" enabled="true" level="WARNING" enabled_by_default="true" />
  <inspection_tool class="Eslint" enabled="true" level="WARNING" enabled_by_default="true" />
  <inspection_tool class="PyInterpreterInspection" enabled="false" level="WARNING" enabled_by_default="false" />
  <inspection_tool class="PyMissingTypeHintsInspection" enabled="true" level="WEAK WARNING" enabled_by_default="true" />
  <inspection_tool class="PyPackageRequirementsInspection" enabled="true" level="WARNING" enabled_by_default="true">
    <option name="ignoredPackages">
      <value>
        <list size="9">
          <item index="0" class="java.lang.String" itemvalue="django" />
          <item index="1" class="java.lang.String" itemvalue="dateutil" />
          <item index="2" class="java.lang.String" itemvalue="pillow" />
          <item index="3" class="java.lang.String" itemvalue="pytz" />
          <item index="4" class="java.lang.String" itemvalue="python-dotos.getenv" />
          <item index="5" class="java.lang.String" itemvalue="faker" />
          <item index="6" class="java.lang.String" itemvalue="factory-boy" />
          <item index="7" class="java.lang.String" itemvalue="text-unidecode" />
          <item index="8" class="java.lang.String" itemvalue="django-extensions" />
        </list>
      </value>
    </option>
  </inspection_tool>
  <inspection_tool class="PyPep8Inspection" enabled="true" level="WEAK WARNING" enabled_by_default="true">
    <option name="ignoredErrors">
      <list>
        <option value="E501" />
        <option value="E265" />
      </list>
    </option>
  </inspection_tool>
  <inspection_tool class="PyPep8NamingInspection" enabled="true" level="WEAK WARNING" enabled_by_default="true">
    <option name="ignoredErrors">
      <list>
        <option value="N806" />
      </list>
    </option>
  </inspection_tool>
  <inspection_tool class="PyUnresolvedReferencesInspection" enabled="true" level="WARNING" enabled_by_default="true">
    <option name="ignoredIdentifiers">
      <list>
        <option value="list.split" />
      </list>
    </option>
  </inspection_tool>
</profile>