<application>
  <component name="FileTypeManager" version="18">
    <ignoreFiles list="*$py.class;*.pyc;*.pyo;*.rbc;*.yarb;*~;.DS_Store;.git;.hg;.svn;CVS;__pycache__;_svn;vssver.scc;vssver2.scc" />
    <extensionMap>
      <mapping pattern="s4vinotes.md" type="AUTO_DETECTED" />
      <mapping pattern="ceca_examples" type="AUTO_DETECTED" />
      <mapping pattern="hostname" type="AUTO_DETECTED" />
      <mapping pattern="pepe" type="AUTO_DETECTED" />
      <mapping pattern="init" type="AUTO_DETECTED" />
      <mapping pattern="test" type="AUTO_DETECTED" />
      <mapping pattern="hosts" type="AUTO_DETECTED" />
      <mapping pattern="new_file" type="AUTO_DETECTED" />
      <mapping pattern="timings" type="AUTO_DETECTED" />
      <mapping pattern="TODO" type="AUTO_DETECTED" />
      <mapping pattern="xterm-termite" type="AUTO_DETECTED" />
      <mapping pattern="README" type="AUTO_DETECTED" />
      <mapping ext="celery" type="Dockerfile" />
      <mapping ext="backend" type="Dockerfile" />
      <mapping pattern="5ec5682d-97e5-4c37-8525-51ae5573721b" type="Image" />
      <mapping pattern="latest" type="Markdown" />
      <mapping ext="sqlite3" type="Native" />
      <mapping pattern=".t" type="PLAIN_TEXT" />
      <mapping pattern=".swp" type="PLAIN_TEXT" />
      <mapping pattern=".bashrc" type="PLAIN_TEXT" />
      <mapping pattern=".bash_history" type="PLAIN_TEXT" />
      <mapping pattern=".flake8" type="PLAIN_TEXT" />
      <mapping pattern=".coveragerc" type="PLAIN_TEXT" />
      <mapping pattern="cron" type="PLAIN_TEXT" />
      <mapping pattern="safebox" type="PLAIN_TEXT" />
      <mapping pattern="authorized_keys" type="PLAIN_TEXT" />
      <mapping pattern=".viminfo" type="PLAIN_TEXT" />
      <mapping pattern=".dockerenv" type="PLAIN_TEXT" />
      <mapping pattern="passwd" type="PLAIN_TEXT" />
      <mapping pattern=".sudo_as_admin_successful" type="PLAIN_TEXT" />
      <mapping pattern="latest.md" type="PLAIN_TEXT" />
      <mapping pattern=".profile" type="PLAIN_TEXT" />
      <mapping pattern="create_table_cache_group_9.sql" type="PLAIN_TEXT" />
      <mapping pattern="instance_keys" type="PLAIN_TEXT" />
      <mapping pattern="LEEME" type="PLAIN_TEXT" />
      <mapping pattern="actualizarlongPost_2test.php" type="PLAIN_TEXT" />
      <mapping pattern="trigger_ci_test" type="PLAIN_TEXT" />
      <mapping pattern="Dockerfile_debug" type="PLAIN_TEXT" />
      <mapping pattern=".htaccess" type="PLAIN_TEXT" />
      <mapping pattern=".wget-hsts" type="PLAIN_TEXT" />
      <mapping ext="env" type="PLAIN_TEXT" />
      <mapping ext="config" type="PLAIN_TEXT" />
      <mapping ext="php" type="PLAIN_TEXT" />
      <mapping ext="msg" type="PLAIN_TEXT" />
      <mapping ext="service" type="PLAIN_TEXT" />
      <mapping ext="crt" type="PLAIN_TEXT" />
      <mapping ext="gz" type="PLAIN_TEXT" />
      <mapping ext="alias" type="PLAIN_TEXT" />
      <mapping ext="mo" type="PLAIN_TEXT" />
      <mapping ext="tmpl" type="PLAIN_TEXT" />
      <mapping ext="pem" type="PLAIN_TEXT" />
      <mapping ext="app" type="PLAIN_TEXT" />
      <mapping pattern="create_tables.sql" type="SQL" />
      <mapping pattern="create_table_cache_group_9" type="SQL" />
      <mapping ext="sqlite" type="SQL" />
      <removed_mapping ext="conf" approved="true" type="PLAIN_TEXT" />
      <removed_mapping ext="csv" approved="true" type="CSV/TSV" />
      <removed_mapping ext="env" approved="true" type=".env file" />
      <removed_mapping ext="ignore" approved="true" type="IgnoreLang file" />
      <removed_mapping pattern=".htaccess" approved="true" type="htaccess" />
    </extensionMap>
  </component>
</application>